{
    "model": {
        "model_name": "DeepLabV3",
        "hyperparams": {
            "num_epochs": 200,
            "batch_size": 64,
            "opt": "Adam",
            "crit": "CrossEntropy",
            "learning_rate": 0.0001
        }
    },
    "data": {
        "accuracy": 0.9904489517211914,
        "f1": 0.6656646728515625,
        "recall": 0.5863358974456787,
        "precision": 0.7718234062194824,
        "iou": 0.49938082695007324,
        "dice": 0.8140791654586792,
        "loss": 0.033793127624898826
    }
}