{
    "model": {
        "model_name": "NvidiaSegformer",
        "hyperparams": {
            "num_epochs": 200,
            "batch_size": 64,
            "opt": "Adam",
            "crit": "CrossEntropy",
            "learning_rate": 0.0001
        }
    },
    "data": {
        "accuracy": 0.9940158128738403,
        "f1": 0.7971630096435547,
        "recall": 0.7510030269622803,
        "precision": 0.8527972102165222,
        "iou": 0.6659524440765381,
        "dice": 0.8838878870010376,
        "loss": 0.0258740726658093
    }
}