{
    "model": {
        "model_name": "NvidiaSegformer",
        "hyperparams": {
            "num_epochs": 200,
            "batch_size": 64,
            "opt": "Adam",
            "crit": "CrossEntropy",
            "learning_rate": 0.0001
        }
    },
    "data": {
        "accuracy": 0.9785266518592834,
        "f1": 0.6520546674728394,
        "recall": 0.5471188426017761,
        "precision": 0.8115541338920593,
        "iou": 0.48533880710601807,
        "dice": 0.5002334713935852,
        "loss": 0.12761288705565924
    }
}