{
    "model": {
        "model_name": "UNet",
        "hyperparams": {
            "num_epochs": 200,
            "batch_size": 64,
            "opt": "Adam",
            "crit": "CrossEntropy",
            "learning_rate": 0.001
        }
    },
    "data": {
        "accuracy": 0.9876238107681274,
        "f1": 0.5856021642684937,
        "recall": 0.4655778110027313,
        "precision": 0.7904204726219177,
        "iou": 0.4147596061229706,
        "dice": 0.6377081274986267,
        "loss": 0.3356853015470825
    }
}