{
    "model": {
        "model_name": "UNet",
        "hyperparams": {
            "num_epochs": 200,
            "batch_size": 64,
            "opt": "Adam",
            "crit": "CrossEntropy",
            "learning_rate": 0.0001
        }
    },
    "data": {
        "accuracy": 0.9942294955253601,
        "f1": 0.7929107546806335,
        "recall": 0.7002358436584473,
        "precision": 0.9186996817588806,
        "iou": 0.6590918302536011,
        "dice": 0.8715845942497253,
        "loss": 0.03577606880696871
    }
}